{
  "project_info": {
    "project_number": "1063886397598",
    "firebase_url": "https://callfence.firebaseio.com",
    "project_id": "callfence",
    "storage_bucket": "callfence.appspot.com"
  },
  "client": [
    {
      "client_info": {
        "mobilesdk_app_id": "1:1063886397598:android:3f016b2d6cfe7409",
        "android_client_info": {
          "package_name": "com.callfence.android"
        }
      },
      "oauth_client": [
        {
          "client_id": "1063886397598-ut5iclfhcf0et3n6ba65iavte0g6lp53.apps.googleusercontent.com",
          "client_type": 3
        }
      ],
      "api_key": [
        {
          "current_key": "AIzaSyDT2FscfUs-vNPcnyU-8l69BLH4AzCDw5A"
        }
      ],
      "services": {
        "appinvite_service": {
          "other_platform_oauth_client": [
            {
              "client_id": "1063886397598-ut5iclfhcf0et3n6ba65iavte0g6lp53.apps.googleusercontent.com",
              "client_type": 3
            }
          ]
        }
      }
    }
  ],
  "configuration_version": "1"
}